<application>
  <component name="libraryTable">
    <library name="49cac44473" type="javaScript">
      <properties>
        <sourceFilesUrls>
          <item url="file://$APPLICATION_CONFIG_DIR$/javascript/extLibs/http_kit.fontawesome.com_49cac44473.js" />
        </sourceFilesUrls>
      </properties>
      <CLASSES>
        <root url="file://$APPLICATION_CONFIG_DIR$/javascript/extLibs/http_kit.fontawesome.com_49cac44473.js" />
      </CLASSES>
      <SOURCES />
    </library>
    <library name="a076d05399" type="javaScript">
      <properties>
        <sourceFilesUrls>
          <item url="file://$APPLICATION_CONFIG_DIR$/javascript/extLibs/http_kit.fontawesome.com_a076d05399.js" />
        </sourceFilesUrls>
      </properties>
      <CLASSES>
        <root url="file://$APPLICATION_CONFIG_DIR$/javascript/extLibs/http_kit.fontawesome.com_a076d05399.js" />
      </CLASSES>
      <SOURCES />
    </library>
    <library name="adsbygoogle" type="javaScript">
      <properties>
        <sourceFilesUrls>
          <item url="file://$APPLICATION_CONFIG_DIR$/javascript/extLibs/__pagead2.googlesyndication.com_pagead_js_adsbygoogle.js" />
        </sourceFilesUrls>
      </properties>
      <CLASSES>
        <root url="file://$APPLICATION_CONFIG_DIR$/javascript/extLibs/__pagead2.googlesyndication.com_pagead_js_adsbygoogle.js" />
      </CLASSES>
      <SOURCES />
    </library>
    <library name="bootstrap" type="javaScript">
      <properties>
        <sourceFilesUrls>
          <item url="file://$APPLICATION_CONFIG_DIR$/javascript/extLibs/__maxcdn.bootstrapcdn.com_bootstrap_3.3.0_css_bootstrap.css" />
          <item url="file://$APPLICATION_CONFIG_DIR$/javascript/extLibs/__maxcdn.bootstrapcdn.com_bootstrap_3.3.0_js_bootstrap.js" />
          <item url="file://$APPLICATION_CONFIG_DIR$/javascript/extLibs/__maxcdn.bootstrapcdn.com_bootstrap_4.0.0_css_bootstrap.css" />
          <item url="file://$APPLICATION_CONFIG_DIR$/javascript/extLibs/__maxcdn.bootstrapcdn.com_bootstrap_4.1.1_css_bootstrap.css" />
          <item url="file://$APPLICATION_CONFIG_DIR$/javascript/extLibs/__maxcdn.bootstrapcdn.com_bootstrap_4.1.1_js_bootstrap.js" />
          <item url="file://$APPLICATION_CONFIG_DIR$/javascript/extLibs/__netdna.bootstrapcdn.com_bootstrap_3.1.0_css_bootstrap.css" />
          <item url="file://$APPLICATION_CONFIG_DIR$/javascript/extLibs/__netdna.bootstrapcdn.com_bootstrap_3.1.0_js_bootstrap.js" />
          <item url="file://$APPLICATION_CONFIG_DIR$/javascript/extLibs/http_demos.codexworld.com_includes_js_bootstrap.js" />
          <item url="file://$APPLICATION_CONFIG_DIR$/javascript/extLibs/http_maxcdn.bootstrapcdn.com_bootstrap_3.3.7_css_bootstrap.css" />
        </sourceFilesUrls>
      </properties>
      <CLASSES>
        <root url="file://$APPLICATION_CONFIG_DIR$/javascript/extLibs/__maxcdn.bootstrapcdn.com_bootstrap_3.3.0_css_bootstrap.css" />
        <root url="file://$APPLICATION_CONFIG_DIR$/javascript/extLibs/__maxcdn.bootstrapcdn.com_bootstrap_3.3.0_js_bootstrap.js" />
        <root url="file://$APPLICATION_CONFIG_DIR$/javascript/extLibs/__maxcdn.bootstrapcdn.com_bootstrap_4.0.0_css_bootstrap.css" />
        <root url="file://$APPLICATION_CONFIG_DIR$/javascript/extLibs/__maxcdn.bootstrapcdn.com_bootstrap_4.1.1_css_bootstrap.css" />
        <root url="file://$APPLICATION_CONFIG_DIR$/javascript/extLibs/__maxcdn.bootstrapcdn.com_bootstrap_4.1.1_js_bootstrap.js" />
        <root url="file://$APPLICATION_CONFIG_DIR$/javascript/extLibs/__netdna.bootstrapcdn.com_bootstrap_3.1.0_css_bootstrap.css" />
        <root url="file://$APPLICATION_CONFIG_DIR$/javascript/extLibs/__netdna.bootstrapcdn.com_bootstrap_3.1.0_js_bootstrap.js" />
        <root url="file://$APPLICATION_CONFIG_DIR$/javascript/extLibs/http_demos.codexworld.com_includes_js_bootstrap.js" />
        <root url="file://$APPLICATION_CONFIG_DIR$/javascript/extLibs/http_maxcdn.bootstrapcdn.com_bootstrap_3.3.7_css_bootstrap.css" />
      </CLASSES>
      <SOURCES />
    </library>
    <library name="bootstrap-datepicker" type="javaScript">
      <properties>
        <sourceFilesUrls>
          <item url="file://$APPLICATION_CONFIG_DIR$/javascript/extLibs/__cdnjs.cloudflare.com_ajax_libs_bootstrap-datepicker_1.6.0_css_bootstrap-datepicker.css" />
        </sourceFilesUrls>
      </properties>
      <CLASSES>
        <root url="file://$APPLICATION_CONFIG_DIR$/javascript/extLibs/__cdnjs.cloudflare.com_ajax_libs_bootstrap-datepicker_1.6.0_css_bootstrap-datepicker.css" />
      </CLASSES>
      <SOURCES />
    </library>
    <library name="ckeditor" type="javaScript">
      <properties>
        <sourceFilesUrls>
          <item url="file://$APPLICATION_CONFIG_DIR$/javascript/extLibs/__cdn.ckeditor.com_4.14.0_standard_ckeditor.js" />
        </sourceFilesUrls>
      </properties>
      <CLASSES>
        <root url="file://$APPLICATION_CONFIG_DIR$/javascript/extLibs/__cdn.ckeditor.com_4.14.0_standard_ckeditor.js" />
      </CLASSES>
      <SOURCES />
    </library>
    <library name="font-awesome" type="javaScript">
      <properties>
        <sourceFilesUrls>
          <item url="file://$APPLICATION_CONFIG_DIR$/javascript/extLibs/http_cdnjs.cloudflare.com_ajax_libs_font-awesome_4.7.0_css_font-awesome.css" />
        </sourceFilesUrls>
      </properties>
      <CLASSES>
        <root url="file://$APPLICATION_CONFIG_DIR$/javascript/extLibs/http_cdnjs.cloudflare.com_ajax_libs_font-awesome_4.7.0_css_font-awesome.css" />
      </CLASSES>
      <SOURCES />
    </library>
    <library name="jquery" type="javaScript">
      <properties>
        <option name="frameworkName" value="jQuery" />
        <sourceFilesUrls>
          <item url="file://$APPLICATION_CONFIG_DIR$/javascript/extLibs/__ajax.googleapis.com_ajax_libs_jquery_1.11.1_jquery.js" />
          <item url="file://$APPLICATION_CONFIG_DIR$/javascript/extLibs/__ajax.googleapis.com_ajax_libs_jquery_3.2.1_jquery.js" />
          <item url="file://$APPLICATION_CONFIG_DIR$/javascript/extLibs/__cdnjs.cloudflare.com_ajax_libs_jquery_3.2.1_jquery.js" />
          <item url="file://$APPLICATION_CONFIG_DIR$/javascript/extLibs/http_ajax.googleapis.com_ajax_libs_jquery_1.6.1_jquery.js" />
          <item url="file://$APPLICATION_CONFIG_DIR$/javascript/extLibs/http_ajax.googleapis.com_ajax_libs_jquery_3.3.1_jquery.js" />
          <item url="file://$APPLICATION_CONFIG_DIR$/javascript/extLibs/http_ajax.googleapis.com_ajax_libs_jquery_3.4.1_jquery.js" />
          <item url="file://$APPLICATION_CONFIG_DIR$/javascript/extLibs/http_cdnjs.cloudflare.com_ajax_libs_jquery_3.2.1_jquery.js" />
        </sourceFilesUrls>
      </properties>
      <CLASSES>
        <root url="file://$APPLICATION_CONFIG_DIR$/javascript/extLibs/__ajax.googleapis.com_ajax_libs_jquery_1.11.1_jquery.js" />
        <root url="file://$APPLICATION_CONFIG_DIR$/javascript/extLibs/__ajax.googleapis.com_ajax_libs_jquery_3.2.1_jquery.js" />
        <root url="file://$APPLICATION_CONFIG_DIR$/javascript/extLibs/__cdnjs.cloudflare.com_ajax_libs_jquery_3.2.1_jquery.js" />
        <root url="file://$APPLICATION_CONFIG_DIR$/javascript/extLibs/http_ajax.googleapis.com_ajax_libs_jquery_1.6.1_jquery.js" />
        <root url="file://$APPLICATION_CONFIG_DIR$/javascript/extLibs/http_ajax.googleapis.com_ajax_libs_jquery_3.3.1_jquery.js" />
        <root url="file://$APPLICATION_CONFIG_DIR$/javascript/extLibs/http_ajax.googleapis.com_ajax_libs_jquery_3.4.1_jquery.js" />
        <root url="file://$APPLICATION_CONFIG_DIR$/javascript/extLibs/http_cdnjs.cloudflare.com_ajax_libs_jquery_3.2.1_jquery.js" />
      </CLASSES>
      <DOCUMENTATION>
        <root url="http://api.jquery.com" />
      </DOCUMENTATION>
      <SOURCES />
    </library>
    <library name="jquery-1.11.1" type="javaScript">
      <properties>
        <option name="frameworkName" value="jQuery" />
        <option name="frameworkVersion" value="1.1." />
        <sourceFilesUrls>
          <item url="file://$APPLICATION_CONFIG_DIR$/javascript/extLibs/__code.jquery.com_jquery-1.11.1.js" />
        </sourceFilesUrls>
      </properties>
      <CLASSES>
        <root url="file://$APPLICATION_CONFIG_DIR$/javascript/extLibs/__code.jquery.com_jquery-1.11.1.js" />
      </CLASSES>
      <DOCUMENTATION>
        <root url="http://api.jquery.com" />
      </DOCUMENTATION>
      <SOURCES />
    </library>
    <library name="jquery-2.2.4" type="javaScript">
      <properties>
        <option name="frameworkName" value="jQuery" />
        <sourceFilesUrls>
          <item url="file://$APPLICATION_CONFIG_DIR$/javascript/extLibs/http_code.jquery.com_jquery-2.2.4.js" />
        </sourceFilesUrls>
      </properties>
      <CLASSES>
        <root url="file://$APPLICATION_CONFIG_DIR$/javascript/extLibs/http_code.jquery.com_jquery-2.2.4.js" />
      </CLASSES>
      <DOCUMENTATION>
        <root url="http://api.jquery.com" />
      </DOCUMENTATION>
      <SOURCES />
    </library>
    <library name="jquery-ui" type="javaScript">
      <properties>
        <option name="frameworkName" value="jQuery" />
        <sourceFilesUrls>
          <item url="file://$APPLICATION_CONFIG_DIR$/javascript/extLibs/http_ajax.googleapis.com_ajax_libs_jqueryui_1.11.2_themes_smoothness_jquery-ui.css" />
        </sourceFilesUrls>
      </properties>
      <CLASSES>
        <root url="file://$APPLICATION_CONFIG_DIR$/javascript/extLibs/http_ajax.googleapis.com_ajax_libs_jqueryui_1.11.2_themes_smoothness_jquery-ui.css" />
      </CLASSES>
      <DOCUMENTATION>
        <root url="http://api.jquery.com" />
      </DOCUMENTATION>
      <SOURCES />
    </library>
    <library name="stopExecutionOnTimeout-de7e2ef6bfefd24b79a3f68b414b87b8db5b08439cac3f1012092b2290c719cd" type="javaScript">
      <properties>
        <sourceFilesUrls>
          <item url="file://$APPLICATION_CONFIG_DIR$/javascript/extLibs/http_static.codepen.io_assets_common_stopExecutionOnTimeout-de7e2ef6bfefd24b79a3f68b414b87b8db5b08439cac3f1012092b2290c719cd.js" />
        </sourceFilesUrls>
      </properties>
      <CLASSES>
        <root url="file://$APPLICATION_CONFIG_DIR$/javascript/extLibs/http_static.codepen.io_assets_common_stopExecutionOnTimeout-de7e2ef6bfefd24b79a3f68b414b87b8db5b08439cac3f1012092b2290c719cd.js" />
      </CLASSES>
      <SOURCES />
    </library>
    <library name="w3" type="javaScript">
      <properties>
        <sourceFilesUrls>
          <item url="file://$APPLICATION_CONFIG_DIR$/javascript/extLibs/http_www.w3schools.com_w3css_4_w3.css" />
        </sourceFilesUrls>
      </properties>
      <CLASSES>
        <root url="file://$APPLICATION_CONFIG_DIR$/javascript/extLibs/http_www.w3schools.com_w3css_4_w3.css" />
      </CLASSES>
      <SOURCES />
    </library>
  </component>
</application>